"user_id","age","num_clicks","num_sessions","avg_session_duration","gender","marital_status","has_children","home_country","home_city","num_trips","num_flights","total_money_spent_hotel","avg_distance_flown","customer_segmentation","perk_per_group"
"23557","66","185","12","295.78","F","Married","No","usa","new york","4","4","3906.50","2102.61","Couple Travelers","One Night Free Hotel with Flight"
"94883","52","100","12","62.17","F","Married","No","usa","kansas city","3","6","130","5303.67","Group Travelers","One Night Free Hotel with Flight"
"101486","52","340","13","659.54","F","Married","Yes","usa","tacoma","4","6","6307","1932.70","Group Travelers","One Night Free Hotel with Flight"
"101961","44","218","12","135.42","F","Married","No","usa","boston","7","12","2954","1806.41","Frequent Traveler","No Cancellation Fee"
"106907","46","368","14","501.95","F","Married","Yes","usa","miami","3","3","6442.2","7441.13","Group Travelers","One Night Free Hotel with Flight"
"118043","52","210","13","226.72","F","Non_Married","Yes","usa","los angeles","6","8","5616.45","1974.64","Frequent Traveler","No Cancellation Fee"
"120851","52","329","13","628.15","F","Married","Yes","usa","santa ana","4","8","4574","4076.27","Frequent Traveler","No Cancellation Fee"
"125845","41","340","13","675.54","F","Married","No","usa","el paso","5","10","5100.2","6574.04","Frequent Traveler","No Cancellation Fee"
"133058","19","113","13","65.31","F","Non_Married","No","usa","austin","2","2","871.25","2887.18","Regular Travelers","Free hotel Meal"
"133058","19","113","13","65.31","F","Non_Married","No","usa","austin","2","2","871.25","2887.18","Regular Travelers","Regular Traveler"
"133058","19","113","13","65.31","F","Non_Married","No","usa","austin","2","2","871.25","2887.18","Solo","Free hotel Meal"
"133058","19","113","13","65.31","F","Non_Married","No","usa","austin","2","2","871.25","2887.18","Solo","Regular Traveler"
"149058","52","185","12","158.42","F","Non_Married","Yes","usa","birmingham","6","12","7479","2122.11","Frequent Traveler","No Cancellation Fee"
"152583","38","202","10","295.96","F","Non_Married","No","usa","colorado springs","2","4","426","10635.63","Group Travelers","One Night Free Hotel with Flight"
"153982","46","253","11","481.96","F","Non_Married","Yes","canada","toronto","5","10","4766","3902.53","Frequent Traveler","No Cancellation Fee"
"160754","47","294","10","790.90","F","Married","Yes","usa","new york","2","4","428","3611.03","Group Travelers","One Night Free Hotel with Flight"
"164522","49","139","10","191.29","F","Married","No","usa","kansas city","2","4","3029","7407.99","Group Travelers","One Night Free Hotel with Flight"
"174997","33","267","9","893.78","F","Non_Married","No","usa","grand rapids","3","6","448","3938.21","Group Travelers","One Night Free Hotel with Flight"
"175032","30","174","14","92.14","F","Non_Married","No","usa","houston","4","5","3691.80","1726.73","Group Travelers","One Night Free Hotel with Flight"
"181157","54","378","10","851.30","F","Married","No","usa","houston","4","8","6037.80","4063.42","Frequent Traveler","No Cancellation Fee"
"187212","56","187","12","115.50","F","Married","Yes","usa","los angeles","3","6","904","2465.56","Family Travelers","Exlcusive Discount"
"189676","37","312","10","803.20","F","Non_Married","Yes","usa","fort worth","3","4","5001","1381.43","Group Travelers","One Night Free Hotel with Flight"
"190866","38","444","12","751.58","F","Non_Married","No","usa","tallahassee","7","14","2714","4837.79","Frequent Traveler","No Cancellation Fee"
"195192","29","351","13","200.31","F","Non_Married","No","usa","chicago","4","8","3329","1256.35","Frequent Traveler","No Cancellation Fee"
"204943","42","364","11","807.45","M","Non_Married","No","canada","ottawa","9","18","8909","1854.94","Frequent Traveler","No Cancellation Fee"
"204997","39","475","9","1273.05","F","Married","No","usa","kansas city","4","8","4302.8","3658.79","Frequent Traveler","No Cancellation Fee"
"205044","41","402","12","736.92","F","Married","Yes","canada","toronto","5","10","8280.8","2765.50","Frequent Traveler","No Cancellation Fee"
"206011","40","339","12","727.67","F","Non_Married","Yes","usa","kansas city","5","10","2007.00","1443.57","Frequent Traveler","No Cancellation Fee"
"216796","23","205","10","722.11","F","Non_Married","No","usa","cincinnati","2","4","4828","5074.26","Group Travelers","One Night Free Hotel with Flight"
"217136","39","323","10","812.20","F","Non_Married","Yes","usa","little rock","3","4","659","7408.61","Group Travelers","One Night Free Hotel with Flight"
"220725","41","550","13","1229.92","F","Non_Married","No","usa","stockton","5","10","1402","3054.97","Frequent Traveler","No Cancellation Fee"
"224996","43","317","10","806.80","F","Non_Married","Yes","canada","halifax","3","6","0","6393.03","Group Travelers","One Night Free Hotel with Flight"
"226367","44","125","9","102.67","F","Non_Married","No","usa","washington","4","8","1864","3565.98","Frequent Traveler","No Cancellation Fee"
"228872","35","241","11","163.18","M","Non_Married","No","usa","san antonio","4","6","2388","1563.69","Group Travelers","One Night Free Hotel with Flight"
"229009","18","264","10","805.06","F","Non_Married","No","usa","stockton","4","8","474","7412.03","Frequent Traveler","No Cancellation Fee"
"229330","48","159","11","107.09","F","Married","No","usa","colorado springs","5","10","3365","1544.36","Frequent Traveler","No Cancellation Fee"
"232647","18","127","10","147.50","F","Non_Married","No","usa","birmingham","3","4","4303","10380.16","Regular Travelers","Free hotel Meal"
"232647","18","127","10","147.50","F","Non_Married","No","usa","birmingham","3","4","4303","10380.16","Regular Travelers","Regular Traveler"
"232647","18","127","10","147.50","F","Non_Married","No","usa","birmingham","3","4","4303","10380.16","Solo","Free hotel Meal"
"232647","18","127","10","147.50","F","Non_Married","No","usa","birmingham","3","4","4303","10380.16","Solo","Regular Traveler"
"249521","60","225","11","152.00","F","Married","Yes","canada","ottawa","5","8","5940.4","3266.80","Frequent Traveler","No Cancellation Fee"
"252835","39","346","14","220.29","F","Non_Married","Yes","usa","chicago","9","17","3126","1712.20","Frequent Traveler","No Cancellation Fee"
"264470","46","129","11","88.45","F","Non_Married","Yes","usa","bakersfield","2","4","2127","2391.64","Family Travelers","Exlcusive Discount"
"276512","42","169","12","104.67","F","Married","Yes","usa","austin","1","2","100","2409.25","Family Travelers","Exlcusive Discount"
"281952","38","221","11","149.55","F","Non_Married","No","usa","louisville","5","10","2949.30","4514.37","Frequent Traveler","No Cancellation Fee"
"283325","51","194","13","111.15","F","Married","No","usa","dallas","5","8","3277","2074.38","Frequent Traveler","No Cancellation Fee"
"290123","41","262","13","149.77","F","Married","No","usa","houston","8","15","4987","2430.28","Frequent Traveler","No Cancellation Fee"
"297546","52","287","12","177.92","F","Married","No","usa","new york","8","11","6176.00","1955.48","Frequent Traveler","No Cancellation Fee"
"298253","47","156","12","97.25","F","Married","Yes","usa","los angeles","3","6","320","3026.19","Family Travelers","Exlcusive Discount"
"299476","39","507","13","729.00","F","Married","No","usa","atlanta","3","6","11506.2","4430.51","Group Travelers","One Night Free Hotel with Flight"
"306819","60","358","11","792.36","F","Married","Yes","usa","new york","2","4","633","442.02","Family Travelers","Exlcusive Discount"
"312488","31","140","11","95.36","M","Married","No","usa","new york","3","6","374","3368.88","Couple Travelers","One Night Free Hotel with Flight"
"313724","52","403","10","926.90","F","Non_Married","No","usa","tulsa","7","12","6950","1876.33","Frequent Traveler","No Cancellation Fee"
"316527","42","188","11","127.73","F","Married","Yes","canada","winnipeg","4","8","5658.30","1940.68","Frequent Traveler","No Cancellation Fee"
"317688","41","184","12","113.75","F","Non_Married","Yes","usa","indianapolis","6","12","1526.00","1547.36","Frequent Traveler","No Cancellation Fee"
"322867","47","139","11","94.27","F","Non_Married","No","usa","mobile","3","4","7766","2144.90","Regular Travelers","Free hotel Meal"
"322867","47","139","11","94.27","F","Non_Married","No","usa","mobile","3","4","7766","2144.90","Regular Travelers","Regular Traveler"
"322867","47","139","11","94.27","F","Non_Married","No","usa","mobile","3","4","7766","2144.90","Solo","Free hotel Meal"
"322867","47","139","11","94.27","F","Non_Married","No","usa","mobile","3","4","7766","2144.90","Solo","Regular Traveler"
"324191","40","196","11","132.18","F","Non_Married","No","usa","san diego","4","8","3716","1953.78","Frequent Traveler","No Cancellation Fee"
"328590","56","438","11","826.18","F","Non_Married","No","usa","san diego","5","10","2755.25","3325.91","Frequent Traveler","No Cancellation Fee"
"330764","40","423","11","804.64","F","Non_Married","No","usa","detroit","5","4","2534","733.63","Group Travelers","One Night Free Hotel with Flight"
"330893","44","171","11","115.91","F","Married","Yes","usa","oklahoma city","3","6","750","1603.35","Family Travelers","Exlcusive Discount"
"331039","45","249","11","478.31","F","Married","Yes","canada","london","2","4","3244.6","1924.09","Group Travelers","One Night Free Hotel with Flight"
"334787","53","199","11","133.91","F","Non_Married","No","usa","minneapolis","5","10","1459","1516.75","Frequent Traveler","No Cancellation Fee"
"337227","35","116","10","85.90","F","Married","No","usa","santa ana","1","2","470","124.31","Group Travelers","One Night Free Hotel with Flight"
"338086","41","197","12","122.92","F","Non_Married","Yes","usa","washington","4","8","966.0","2335.46","Frequent Traveler","No Cancellation Fee"
"343928","66","161","10","118.80","F","Married","No","usa","el paso","4","8","2431","6069.39","Frequent Traveler","No Cancellation Fee"
"347778","50","298","13","170.85","F","Non_Married","No","usa","las vegas","9","16","9558.0","2997.85","Frequent Traveler","No Cancellation Fee"
"348817","29","183","10","134.60","F","Non_Married","No","canada","calgary","6","8","3450.45","2407.07","Frequent Traveler","No Cancellation Fee"
"349132","49","166","11","112.45","F","Non_Married","No","usa","cincinnati","5","6","4811.1","1712.23","Group Travelers","One Night Free Hotel with Flight"
"350648","19","313","9","732.39","F","Non_Married","No","usa","lincoln","2","4","2505","1217.35","Regular Travelers","Free hotel Meal"
"350648","19","313","9","732.39","F","Non_Married","No","usa","lincoln","2","4","2505","1217.35","Regular Travelers","Regular Traveler"
"350648","19","313","9","732.39","F","Non_Married","No","usa","lincoln","2","4","2505","1217.35","Solo","Free hotel Meal"
"350648","19","313","9","732.39","F","Non_Married","No","usa","lincoln","2","4","2505","1217.35","Solo","Regular Traveler"
"353271","27","113","10","84.60","F","Non_Married","Yes","usa","milwaukee","2","4","1921","8428.11","Group Travelers","One Night Free Hotel with Flight"
"353694","40","118","9","97.22","F","Non_Married","Yes","usa","new york","3","5","3009","6205.87","Group Travelers","One Night Free Hotel with Flight"
"354050","50","218","11","147.45","F","Non_Married","No","usa","detroit","6","11","2354.60","1800.87","Frequent Traveler","No Cancellation Fee"
"354260","50","132","9","108.78","F","Non_Married","No","usa","providence","3","6","520","2558.41","Regular Travelers","Free hotel Meal"
"354260","50","132","9","108.78","F","Non_Married","No","usa","providence","3","6","520","2558.41","Regular Travelers","Regular Traveler"
"354260","50","132","9","108.78","F","Non_Married","No","usa","providence","3","6","520","2558.41","Solo","Free hotel Meal"
"354260","50","132","9","108.78","F","Non_Married","No","usa","providence","3","6","520","2558.41","Solo","Regular Traveler"
"354311","46","113","11","77.00","F","Married","No","usa","tucson","2","4","291","3238.71","Couple Travelers","One Night Free Hotel with Flight"
"354950","54","119","9","99.44","M","Married","No","usa","amarillo","2","4","2634","2612.99","Group Travelers","One Night Free Hotel with Flight"
"356046","35","146","10","108.90","F","Non_Married","No","canada","ottawa","4","8","2061.3","1854.83","Frequent Traveler","No Cancellation Fee"
"357737","42","506","12","787.08","F","Married","Yes","usa","san diego","8","14","3280.10","2338.16","Frequent Traveler","No Cancellation Fee"
"359072","52","424","13","666.75","F","Married","Yes","canada","montreal","5","10","1312","1313.83","Frequent Traveler","No Cancellation Fee"
"359080","42","206","11","140.73","F","Married","No","usa","new york","7","12","6415","3861.76","Frequent Traveler","No Cancellation Fee"
"359653","56","198","11","133.73","M","Non_Married","No","canada","victoria","5","10","1050.2","2131.98","Frequent Traveler","No Cancellation Fee"
"361459","42","81","12","51.08","F","Married","Yes","usa","houston","1","2","165","2403.54","Family Travelers","Exlcusive Discount"
"361759","53","169","12","104.33","F","Married","No","canada","winnipeg","5","10","119.70","3337.05","Frequent Traveler","No Cancellation Fee"
"363535","31","291","11","648.25","F","Non_Married","No","usa","charlotte","4","7","1174","1638.77","Group Travelers","One Night Free Hotel with Flight"
"365825","45","425","10","887.00","F","Non_Married","No","usa","los angeles","4","3","5484","1151.81","Regular Travelers","Free hotel Meal"
"365825","45","425","10","887.00","F","Non_Married","No","usa","los angeles","4","3","5484","1151.81","Regular Travelers","Regular Traveler"
"365825","45","425","10","887.00","F","Non_Married","No","usa","los angeles","4","3","5484","1151.81","Solo","Free hotel Meal"
"365825","45","425","10","887.00","F","Non_Married","No","usa","los angeles","4","3","5484","1151.81","Solo","Regular Traveler"
"371201","29","166","10","122.80","M","Non_Married","Yes","usa","new york","2","4","138","2480.43","Family Travelers","Exlcusive Discount"
"372970","34","122","9","102.22","F","Non_Married","No","usa","charlotte","3","6","1448","8433.59","Regular Travelers","Free hotel Meal"
"372970","34","122","9","102.22","F","Non_Married","No","usa","charlotte","3","6","1448","8433.59","Regular Travelers","Regular Traveler"
"372970","34","122","9","102.22","F","Non_Married","No","usa","charlotte","3","6","1448","8433.59","Solo","Free hotel Meal"
"372970","34","122","9","102.22","F","Non_Married","No","usa","charlotte","3","6","1448","8433.59","Solo","Regular Traveler"
"373489","38","171","12","105.25","F","Married","Yes","usa","wichita","3","4","9393","10990.48","Group Travelers","One Night Free Hotel with Flight"
"374331","43","383","11","780.64","M","Non_Married","No","usa","milwaukee","3","4","7380","734.24","Regular Travelers","Free hotel Meal"
"374331","43","383","11","780.64","M","Non_Married","No","usa","milwaukee","3","4","7380","734.24","Regular Travelers","Regular Traveler"
"374331","43","383","11","780.64","M","Non_Married","No","usa","milwaukee","3","4","7380","734.24","Solo","Free hotel Meal"
"374331","43","383","11","780.64","M","Non_Married","No","usa","milwaukee","3","4","7380","734.24","Solo","Regular Traveler"
"374340","35","158","12","98.50","F","Married","No","usa","new york","2","2","1122","16455.39","Group Travelers","One Night Free Hotel with Flight"
"374341","26","128","9","106.22","F","Non_Married","No","usa","detroit","4","2","8540","11589.27","Group Travelers","One Night Free Hotel with Flight"
"375729","53","191","12","117.50","F","Non_Married","No","usa","atlanta","5","10","3039","1484.78","Frequent Traveler","No Cancellation Fee"
"375751","51","291","11","195.45","F","Married","No","usa","cleveland","3","6","999","1321.67","Couple Travelers","One Night Free Hotel with Flight"
"376159","43","139","10","103.90","F","Non_Married","No","usa","long beach","3","4","1624","2067.82","Regular Travelers","Free hotel Meal"
"376159","43","139","10","103.90","F","Non_Married","No","usa","long beach","3","4","1624","2067.82","Regular Travelers","Regular Traveler"
"376159","43","139","10","103.90","F","Non_Married","No","usa","long beach","3","4","1624","2067.82","Solo","Free hotel Meal"
"376159","43","139","10","103.90","F","Non_Married","No","usa","long beach","3","4","1624","2067.82","Solo","Regular Traveler"
"377411","38","167","11","113.09","F","Married","No","canada","montreal","3","6","1026","2224.24","Group Travelers","One Night Free Hotel with Flight"
"378565","41","174","10","130.10","F","Married","Yes","usa","nashville","7","8","9160","1805.78","Frequent Traveler","No Cancellation Fee"
"379543","57","155","10","115.00","F","Married","No","usa","san jose","5","8","2229","1931.09","Frequent Traveler","No Cancellation Fee"
"380434","50","169","12","103.83","F","Married","Yes","usa","oklahoma city","5","10","2054","1822.42","Frequent Traveler","No Cancellation Fee"
"380436","45","171","10","126.10","F","Non_Married","No","usa","new york","3","6","1728.0","1367.23","Regular Travelers","Free hotel Meal"
"380436","45","171","10","126.10","F","Non_Married","No","usa","new york","3","6","1728.0","1367.23","Regular Travelers","Regular Traveler"
"380436","45","171","10","126.10","F","Non_Married","No","usa","new york","3","6","1728.0","1367.23","Solo","Free hotel Meal"
"380436","45","171","10","126.10","F","Non_Married","No","usa","new york","3","6","1728.0","1367.23","Solo","Regular Traveler"
"380757","47","162","11","109.91","F","Non_Married","Yes","usa","los angeles","5","9","2005.35","1819.05","Frequent Traveler","No Cancellation Fee"
"380874","55","208","12","128.75","F","Married","No","usa","louisville","5","10","405.60","995.36","Frequent Traveler","No Cancellation Fee"
"380949","47","466","11","834.45","F","Non_Married","No","usa","san antonio","6","12","2958.60","2156.95","Frequent Traveler","No Cancellation Fee"
"381259","22","110","9","91.67","F","Non_Married","Yes","usa","san diego","2","4","68","2859.52","Family Travelers","Exlcusive Discount"
"381465","34","272","10","355.24","F","Non_Married","No","usa","san antonio","5","5","3261","3310.99","Regular Travelers","Free hotel Meal"
"381465","34","272","10","355.24","F","Non_Married","No","usa","san antonio","5","5","3261","3310.99","Regular Travelers","Regular Traveler"
"381465","34","272","10","355.24","F","Non_Married","No","usa","san antonio","5","5","3261","3310.99","Solo","Free hotel Meal"
"381465","34","272","10","355.24","F","Non_Married","No","usa","san antonio","5","5","3261","3310.99","Solo","Regular Traveler"
"382181","37","166","11","111.27","F","Married","No","canada","halifax","5","10","3168","2339.94","Frequent Traveler","No Cancellation Fee"
"382384","57","104","10","77.80","F","Married","No","usa","st. petersburg","2","4","274","1391.23","Couple Travelers","One Night Free Hotel with Flight"
"385689","50","127","11","86.18","F","Non_Married","Yes","usa","nashville","5","6","4343","1940.22","Group Travelers","One Night Free Hotel with Flight"
"386255","32","102","11","68.82","F","Non_Married","Yes","usa","mobile","2","2","2454","2402.81","Family Travelers","Exlcusive Discount"
"386914","47","339","12","686.75","F","Married","Yes","canada","hamilton","3","6","934.8","5443.87","Group Travelers","One Night Free Hotel with Flight"
"387282","31","109","9","89.11","F","Non_Married","Yes","usa","amarillo","2","2","4440.0","2245.08","Family Travelers","Exlcusive Discount"
"387783","54","98","9","80.56","M","Married","Yes","usa","oakland","4","4","2649","3136.16","Group Travelers","One Night Free Hotel with Flight"
"388328","51","151","10","111.40","F","Married","Yes","canada","toronto","6","8","4770.9","2555.08","Frequent Traveler","No Cancellation Fee"
"388767","45","144","10","107.90","F","Married","Yes","usa","tallahassee","3","4","3244","1499.48","Family Travelers","Exlcusive Discount"
"388947","41","124","11","84.09","M","Non_Married","No","usa","new york","4","8","684","2081.19","Frequent Traveler","No Cancellation Fee"
"389434","42","495","10","939.20","F","Non_Married","No","usa","new york","7","14","1596.2","2368.38","Frequent Traveler","No Cancellation Fee"
"389662","39","268","10","199.20","F","Non_Married","No","usa","fresno","5","8","1028","2188.15","Frequent Traveler","No Cancellation Fee"
"389759","33","186","9","152.78","F","Non_Married","Yes","usa","anchorage","4","8","6092","4031.07","Frequent Traveler","No Cancellation Fee"
"390811","41","195","12","120.75","F","Non_Married","No","usa","los angeles","6","12","2258","2827.17","Frequent Traveler","No Cancellation Fee"
"392453","58","118","11","79.18","F","Non_Married","No","usa","el paso","2","4","1215","2467.51","Regular Travelers","Free hotel Meal"
"392453","58","118","11","79.18","F","Non_Married","No","usa","el paso","2","4","1215","2467.51","Regular Travelers","Regular Traveler"
"392453","58","118","11","79.18","F","Non_Married","No","usa","el paso","2","4","1215","2467.51","Solo","Free hotel Meal"
"392453","58","118","11","79.18","F","Non_Married","No","usa","el paso","2","4","1215","2467.51","Solo","Regular Traveler"
"395981","52","142","11","96.73","F","Married","No","canada","vancouver","4","6","9449","2642.55","Group Travelers","One Night Free Hotel with Flight"
"396552","46","146","12","90.25","F","Married","No","canada","london","5","6","2191.5","1557.15","Couple Travelers","One Night Free Hotel with Flight"
"399137","54","176","9","144.89","F","Married","No","usa","dallas","5","6","6424","2074.07","Group Travelers","One Night Free Hotel with Flight"
"399218","44","145","11","99.00","F","Married","Yes","usa","fort worth","3","6","246.00","930.87","Family Travelers","Exlcusive Discount"
"399799","55","229","12","140.92","F","Married","No","canada","toronto","7","7","3090.0","2008.79","Couple Travelers","One Night Free Hotel with Flight"
"400275","56","108","10","80.70","F","Married","Yes","usa","phoenix","2","4","1052","3204.80","Family Travelers","Exlcusive Discount"
"400582","33","166","10","123.20","F","Married","No","usa","chicago","6","10","3130","1750.99","Frequent Traveler","No Cancellation Fee"
"400899","46","293","11","196.64","F","Married","No","canada","quebec","5","10","2850","1757.15","Frequent Traveler","No Cancellation Fee"
"401245","29","146","10","109.20","F","Non_Married","No","usa","omaha","4","8","1214","1621.71","Frequent Traveler","No Cancellation Fee"
"402332","33","163","10","120.90","F","Non_Married","No","usa","sacramento","3","6","395.55","1685.77","Group Travelers","One Night Free Hotel with Flight"
"402978","52","148","9","121.78","F","Married","No","usa","milwaukee","5","10","3126","2071.32","Frequent Traveler","No Cancellation Fee"
"403881","44","231","11","155.18","F","Non_Married","No","usa","san diego","7","8","6323.55","2532.47","Frequent Traveler","No Cancellation Fee"
"404879","39","167","11","112.82","F","Married","No","usa","newark","6","11","5721.80","1231.46","Frequent Traveler","No Cancellation Fee"
"405305","46","187","12","115.58","F","Married","Yes","usa","san francisco","5","7","2775","2315.98","Group Travelers","One Night Free Hotel with Flight"
"406210","22","110","9","91.11","F","Non_Married","Yes","usa","anchorage","3","5","1326","7538.97","Group Travelers","One Night Free Hotel with Flight"
"407118","53","158","10","171.50","F","Married","No","usa","new york","5","9","5503","1415.42","Frequent Traveler","No Cancellation Fee"
"407250","37","340","11","230.27","F","Non_Married","No","usa","laredo","6","12","1283","2672.72","Frequent Traveler","No Cancellation Fee"
"407275","42","177","11","119.64","F","Non_Married","No","usa","philadelphia","6","12","3384","1370.90","Frequent Traveler","No Cancellation Fee"
"407434","53","95","10","70.40","F","Married","Yes","canada","halifax","3","4","3186","1868.74","Family Travelers","Exlcusive Discount"
"407642","30","149","11","100.91","F","Non_Married","No","canada","hamilton","3","6","1054","875.94","Business Traveler","Free Checking Bag"
"408551","44","116","11","79.36","F","Married","Yes","usa","chicago","3","6","2768","1523.03","Group Travelers","One Night Free Hotel with Flight"
"409073","43","204","9","168.00","F","Married","No","usa","sacramento","4","8","9998","2698.60","Frequent Traveler","No Cancellation Fee"
"411179","52","395","9","959.78","F","Non_Married","No","usa","san jose","4","6","5413","2236.51","Group Travelers","One Night Free Hotel with Flight"
"411701","41","251","11","168.36","F","Non_Married","No","canada","calgary","5","6","3948.4","2625.85","Regular Travelers","Free hotel Meal"
"411701","41","251","11","168.36","F","Non_Married","No","canada","calgary","5","6","3948.4","2625.85","Regular Travelers","Regular Traveler"
"411701","41","251","11","168.36","F","Non_Married","No","canada","calgary","5","6","3948.4","2625.85","Solo","Free hotel Meal"
"411701","41","251","11","168.36","F","Non_Married","No","canada","calgary","5","6","3948.4","2625.85","Solo","Regular Traveler"
"413128","30","193","12","119.75","F","Non_Married","No","canada","hamilton","6","10","12513.95","829.48","Frequent Traveler","No Cancellation Fee"
"413340","48","162","10","121.00","F","Married","Yes","usa","nashville","5","10","2512","1081.21","Frequent Traveler","No Cancellation Fee"
"413418","55","174","11","117.91","F","Non_Married","No","usa","knoxville","5","8","578.0","1085.01","Frequent Traveler","No Cancellation Fee"
"413658","52","215","10","464.19","F","Married","Yes","usa","philadelphia","5","6","3658.05","1721.24","Group Travelers","One Night Free Hotel with Flight"
"414128","28","206","12","127.33","F","Non_Married","No","usa","seattle","6","6","6265.4","3299.33","Group Travelers","One Night Free Hotel with Flight"
"415282","42","158","11","107.73","F","Married","Yes","usa","portland","4","8","3520.0","2751.30","Frequent Traveler","No Cancellation Fee"
"415381","46","126","10","93.70","F","Married","No","usa","chicago","3","5","704","955.73","Couple Travelers","One Night Free Hotel with Flight"
"415581","43","177","10","131.90","F","Married","No","usa","new york","4","7","2336","2315.96","Couple Travelers","One Night Free Hotel with Flight"
"416319","56","353","12","218.75","F","Married","No","usa","new york","3","6","433","1468.23","Couple Travelers","One Night Free Hotel with Flight"
"416580","44","356","10","768.63","F","Non_Married","No","usa","fort worth","7","12","2382.0","1702.27","Frequent Traveler","No Cancellation Fee"
"417679","38","197","11","133.64","F","Non_Married","No","usa","new york","7","14","4805.10","1875.20","Frequent Traveler","No Cancellation Fee"
"418329","50","215","9","176.56","M","Non_Married","Yes","usa","detroit","4","6","3844.70","834.38","Family Travelers","Exlcusive Discount"
"418488","39","221","10","163.20","F","Married","No","canada","toronto","5","8","3015","1990.61","Frequent Traveler","No Cancellation Fee"
"418692","40","360","12","699.83","F","Non_Married","No","usa","fort worth","5","10","3169.00","6056.18","Frequent Traveler","No Cancellation Fee"
"420648","53","154","11","104.00","F","Married","Yes","usa","portland","5","8","4215","3720.33","Frequent Traveler","No Cancellation Fee"
"420669","52","539","11","1010.72","F","Married","Yes","canada","calgary","5","8","2726","2995.82","Frequent Traveler","No Cancellation Fee"
"421247","43","222","10","165.50","F","Married","Yes","usa","memphis","6","12","4308.40","1206.22","Frequent Traveler","No Cancellation Fee"
"421515","32","203","9","167.89","F","Non_Married","No","canada","winnipeg","3","6","1321.05","1895.41","Regular Travelers","Free hotel Meal"
"421515","32","203","9","167.89","F","Non_Married","No","canada","winnipeg","3","6","1321.05","1895.41","Regular Travelers","Regular Traveler"
"421515","32","203","9","167.89","F","Non_Married","No","canada","winnipeg","3","6","1321.05","1895.41","Solo","Free hotel Meal"
"421515","32","203","9","167.89","F","Non_Married","No","canada","winnipeg","3","6","1321.05","1895.41","Solo","Regular Traveler"
"421666","30","458","10","911.80","F","Non_Married","Yes","usa","washington","3","6","559","2462.56","Group Travelers","One Night Free Hotel with Flight"
"421700","41","156","10","115.30","F","Non_Married","Yes","usa","richmond","3","6","2695.80","1999.87","Group Travelers","One Night Free Hotel with Flight"
"421870","30","171","10","126.60","M","Married","Yes","usa","little rock","5","10","1731","4697.08","Frequent Traveler","No Cancellation Fee"
"422066","56","185","10","136.90","F","Married","Yes","usa","cincinnati","5","8","4940","1725.02","Frequent Traveler","No Cancellation Fee"
"423042","43","296","10","300.32","F","Non_Married","Yes","canada","ottawa","8","10","4057.20","1549.14","Frequent Traveler","No Cancellation Fee"
"424553","50","272","10","202.40","F","Married","No","usa","oklahoma city","4","4","2579","1812.80","Couple Travelers","One Night Free Hotel with Flight"
"425632","46","160","11","108.27","F","Married","No","usa","tampa","4","6","2280","2510.26","Couple Travelers","One Night Free Hotel with Flight"
"425953","38","222","10","164.40","F","Married","No","usa","nashville","6","10","3448.85","968.32","Frequent Traveler","No Cancellation Fee"
"425966","57","169","10","124.30","F","Married","No","usa","las vegas","3","6","4232","3377.13","Group Travelers","One Night Free Hotel with Flight"
"426478","26","180","9","412.90","F","Non_Married","No","canada","hamilton","3","4","2363.9","3955.58","Regular Travelers","Free hotel Meal"
"426478","26","180","9","412.90","F","Non_Married","No","canada","hamilton","3","4","2363.9","3955.58","Regular Travelers","Regular Traveler"
"426478","26","180","9","412.90","F","Non_Married","No","canada","hamilton","3","4","2363.9","3955.58","Solo","Free hotel Meal"
"426478","26","180","9","412.90","F","Non_Married","No","canada","hamilton","3","4","2363.9","3955.58","Solo","Regular Traveler"
"427426","37","171","11","116.18","F","Non_Married","No","usa","san diego","4","8","134","2143.76","Frequent Traveler","No Cancellation Fee"
"427506","55","338","9","885.97","F","Married","Yes","usa","norfolk","4","8","982.2","1766.57","Frequent Traveler","No Cancellation Fee"
"428056","38","155","9","127.89","M","Non_Married","No","canada","vancouver","5","8","2738.35","3180.77","Frequent Traveler","No Cancellation Fee"
"428552","38","155","11","105.82","F","Married","No","usa","new york","4","8","1034","1987.31","Frequent Traveler","No Cancellation Fee"
"428858","21","396","10","866.60","F","Non_Married","No","usa","san diego","3","4","5582","9428.83","Regular Travelers","Free hotel Meal"
"428858","21","396","10","866.60","F","Non_Married","No","usa","san diego","3","4","5582","9428.83","Regular Travelers","Regular Traveler"
"428858","21","396","10","866.60","F","Non_Married","No","usa","san diego","3","4","5582","9428.83","Solo","Free hotel Meal"
"428858","21","396","10","866.60","F","Non_Married","No","usa","san diego","3","4","5582","9428.83","Solo","Regular Traveler"
"429375","34","301","10","681.56","F","Non_Married","No","usa","new york","4","8","933","2783.22","Frequent Traveler","No Cancellation Fee"
"430722","29","346","10","767.09","M","Non_Married","No","usa","mobile","3","6","2029.40","1865.22","Regular Travelers","Free hotel Meal"
"430722","29","346","10","767.09","M","Non_Married","No","usa","mobile","3","6","2029.40","1865.22","Regular Travelers","Regular Traveler"
"430722","29","346","10","767.09","M","Non_Married","No","usa","mobile","3","6","2029.40","1865.22","Solo","Free hotel Meal"
"430722","29","346","10","767.09","M","Non_Married","No","usa","mobile","3","6","2029.40","1865.22","Solo","Regular Traveler"
"431144","52","136","10","101.50","F","Married","No","usa","cincinnati","3","4","1672.0","1341.88","Couple Travelers","One Night Free Hotel with Flight"
"431337","38","179","11","120.00","F","Non_Married","No","usa","miami","5","7","4384","2174.93","Regular Travelers","Free hotel Meal"
"431337","38","179","11","120.00","F","Non_Married","No","usa","miami","5","7","4384","2174.93","Regular Travelers","Regular Traveler"
"431337","38","179","11","120.00","F","Non_Married","No","usa","miami","5","7","4384","2174.93","Solo","Free hotel Meal"
"431337","38","179","11","120.00","F","Non_Married","No","usa","miami","5","7","4384","2174.93","Solo","Regular Traveler"
"431602","38","415","10","880.30","F","Non_Married","No","usa","tacoma","5","10","1218.0","3175.44","Frequent Traveler","No Cancellation Fee"
"431746","41","98","10","73.00","F","Non_Married","No","usa","des moines","2","2","1947.10","1555.88","Group Travelers","One Night Free Hotel with Flight"
"431899","44","315","10","317.51","F","Married","No","usa","seattle","3","6","1452","2893.89","Couple Travelers","One Night Free Hotel with Flight"
"431912","36","115","11","77.91","F","Non_Married","Yes","usa","detroit","2","2","424","782.98","Group Travelers","One Night Free Hotel with Flight"
"432333","50","138","9","114.44","F","Married","Yes","usa","milwaukee","3","4","2758.0","2122.28","Group Travelers","One Night Free Hotel with Flight"
"432637","37","195","10","144.50","F","Non_Married","Yes","usa","san antonio","5","10","1801.00","2011.89","Frequent Traveler","No Cancellation Fee"
"432941","41","190","11","128.82","F","Non_Married","No","usa","anchorage","5","8","3800","3733.28","Frequent Traveler","No Cancellation Fee"
"433080","45","184","9","152.67","F","Married","No","usa","colorado springs","5","10","8693.10","1798.38","Frequent Traveler","No Cancellation Fee"
"433339","26","145","10","106.60","F","Non_Married","Yes","usa","detroit","3","2","3136","339.72","Family Travelers","Exlcusive Discount"
"434238","51","185","11","124.64","F","Married","Yes","usa","indianapolis","3","6","1178","1241.12","Family Travelers","Exlcusive Discount"
"434623","35","462","9","1015.78","F","Non_Married","No","canada","montreal","5","10","7336.00","1769.32","Frequent Traveler","No Cancellation Fee"
"435231","31","177","11","120.18","F","Non_Married","No","canada","toronto","4","4","1515","526.14","Regular Travelers","Free hotel Meal"
"435231","31","177","11","120.18","F","Non_Married","No","canada","toronto","4","4","1515","526.14","Regular Travelers","Regular Traveler"
"435231","31","177","11","120.18","F","Non_Married","No","canada","toronto","4","4","1515","526.14","Solo","Free hotel Meal"
"435231","31","177","11","120.18","F","Non_Married","No","canada","toronto","4","4","1515","526.14","Solo","Regular Traveler"
"435596","54","232","10","173.00","F","Non_Married","No","usa","houston","4","8","2242","2298.87","Frequent Traveler","No Cancellation Fee"
"435669","45","180","10","133.10","F","Non_Married","Yes","usa","tampa","3","6","1812.00","2706.06","Group Travelers","One Night Free Hotel with Flight"
"435837","52","168","10","125.00","F","Non_Married","No","usa","new orleans","3","4","2156.45","1962.20","Regular Travelers","Free hotel Meal"
"435837","52","168","10","125.00","F","Non_Married","No","usa","new orleans","3","4","2156.45","1962.20","Regular Travelers","Regular Traveler"
"435837","52","168","10","125.00","F","Non_Married","No","usa","new orleans","3","4","2156.45","1962.20","Solo","Free hotel Meal"
"435837","52","168","10","125.00","F","Non_Married","No","usa","new orleans","3","4","2156.45","1962.20","Solo","Regular Traveler"
"435882","52","483","11","844.91","F","Married","No","usa","washington","4","8","1490.00","1760.73","Frequent Traveler","No Cancellation Fee"
"436320","50","160","9","131.33","F","Married","Yes","usa","milwaukee","3","4","2268.0","1131.28","Family Travelers","Exlcusive Discount"
"436894","42","103","9","85.89","F","Married","No","usa","louisville","3","5","1361.10","1849.06","Group Travelers","One Night Free Hotel with Flight"
"437069","44","259","10","193.90","F","Non_Married","No","usa","tucson","7","14","4232.60","1581.44","Frequent Traveler","No Cancellation Fee"
"437162","31","456","10","909.00","F","Non_Married","No","usa","madison","3","4","928.65","2009.07","Regular Travelers","Free hotel Meal"
"437162","31","456","10","909.00","F","Non_Married","No","usa","madison","3","4","928.65","2009.07","Regular Travelers","Regular Traveler"
"437162","31","456","10","909.00","F","Non_Married","No","usa","madison","3","4","928.65","2009.07","Solo","Free hotel Meal"
"437162","31","456","10","909.00","F","Non_Married","No","usa","madison","3","4","928.65","2009.07","Solo","Regular Traveler"
"437251","44","166","10","122.20","F","Non_Married","No","canada","london","4","6","2561","1885.88","Regular Travelers","Free hotel Meal"
"437251","44","166","10","122.20","F","Non_Married","No","canada","london","4","6","2561","1885.88","Regular Travelers","Regular Traveler"
"437251","44","166","10","122.20","F","Non_Married","No","canada","london","4","6","2561","1885.88","Solo","Free hotel Meal"
"437251","44","166","10","122.20","F","Non_Married","No","canada","london","4","6","2561","1885.88","Solo","Regular Traveler"
"437539","47","211","10","157.90","F","Non_Married","No","usa","nashville","7","14","1762.90","1555.29","Frequent Traveler","No Cancellation Fee"
"437549","40","192","10","143.90","F","Non_Married","No","usa","new orleans","5","10","5404.0","1767.92","Frequent Traveler","No Cancellation Fee"
"438189","37","207","11","140.36","F","Married","No","usa","fort worth","7","14","2193.3","1409.48","Frequent Traveler","No Cancellation Fee"
"438406","44","141","10","105.20","F","Non_Married","No","usa","los angeles","4","8","688.0","3635.81","Frequent Traveler","No Cancellation Fee"
"438551","37","435","11","811.73","F","Married","Yes","usa","charlotte","4","4","6481.50","7580.68","Group Travelers","One Night Free Hotel with Flight"
"438596","25","110","10","82.10","F","Non_Married","No","usa","oklahoma city","2","2","1372","578.11","Regular Travelers","Free hotel Meal"
"438596","25","110","10","82.10","F","Non_Married","No","usa","oklahoma city","2","2","1372","578.11","Regular Travelers","Regular Traveler"
"438596","25","110","10","82.10","F","Non_Married","No","usa","oklahoma city","2","2","1372","578.11","Solo","Free hotel Meal"
"438596","25","110","10","82.10","F","Non_Married","No","usa","oklahoma city","2","2","1372","578.11","Solo","Regular Traveler"
"438839","50","165","10","121.90","F","Non_Married","Yes","usa","new york","5","8","3931.6","2391.37","Frequent Traveler","No Cancellation Fee"
"438937","38","127","10","95.00","F","Non_Married","No","usa","sacramento","3","5","1950.00","2511.03","Regular Travelers","Free hotel Meal"
"438937","38","127","10","95.00","F","Non_Married","No","usa","sacramento","3","5","1950.00","2511.03","Regular Travelers","Regular Traveler"
"438937","38","127","10","95.00","F","Non_Married","No","usa","sacramento","3","5","1950.00","2511.03","Solo","Free hotel Meal"
"438937","38","127","10","95.00","F","Non_Married","No","usa","sacramento","3","5","1950.00","2511.03","Solo","Regular Traveler"
"438985","30","205","10","217.60","F","Non_Married","No","usa","new york","4","8","6182.10","5152.56","Frequent Traveler","No Cancellation Fee"
"439052","52","193","11","129.82","F","Married","No","usa","richmond","5","10","3258","2722.06","Frequent Traveler","No Cancellation Fee"
"439120","39","175","10","130.20","M","Married","No","usa","tulsa","2","4","83.7","2091.84","Couple Travelers","One Night Free Hotel with Flight"
"439363","52","193","10","142.90","F","Non_Married","No","usa","fort worth","6","10","2184","1278.12","Frequent Traveler","No Cancellation Fee"
"440212","40","192","10","143.50","F","Married","Yes","usa","winston-salem","3","4","1021.0","2015.32","Group Travelers","One Night Free Hotel with Flight"
"440655","32","181","10","135.20","F","Non_Married","Yes","canada","toronto","5","10","1214.6","1356.09","Frequent Traveler","No Cancellation Fee"
"441200","36","156","10","116.60","F","Non_Married","Yes","canada","ottawa","4","6","783","1695.31","Family Travelers","Exlcusive Discount"
"441205","47","204","10","151.60","F","Married","Yes","usa","san antonio","4","8","448.65","2457.43","Frequent Traveler","No Cancellation Fee"
"441448","29","102","10","75.90","F","Non_Married","Yes","usa","san antonio","2","4","1424","1203.32","Family Travelers","Exlcusive Discount"
"441457","60","161","10","119.10","F","Married","No","usa","washington","5","8","3951.0","632.53","Frequent Traveler","No Cancellation Fee"
"441982","48","172","11","115.64","F","Non_Married","No","usa","new york","5","9","2418","1502.57","Frequent Traveler","No Cancellation Fee"
"442484","44","194","10","144.10","F","Married","No","usa","houston","5","9","390","2061.16","Frequent Traveler","No Cancellation Fee"
"442718","49","160","10","119.20","F","Married","Yes","usa","new york","5","10","1816.8","2630.56","Frequent Traveler","No Cancellation Fee"
"442812","56","136","10","100.90","F","Married","Yes","usa","boston","3","3","1238","723.17","Family Travelers","Exlcusive Discount"
"442819","72","108","10","81.20","F","Married","No","canada","ottawa","2","2","3244.0","3572.62","Couple Travelers","One Night Free Hotel with Flight"
"442833","40","191","11","128.18","F","Married","No","canada","calgary","6","12","1849","2507.84","Frequent Traveler","No Cancellation Fee"
"443305","22","127","11","86.82","F","Non_Married","No","usa","chicago","2","2","625","1177.05","Regular Travelers","Free hotel Meal"
"443305","22","127","11","86.82","F","Non_Married","No","usa","chicago","2","2","625","1177.05","Regular Travelers","Regular Traveler"
"443305","22","127","11","86.82","F","Non_Married","No","usa","chicago","2","2","625","1177.05","Solo","Free hotel Meal"
"443305","22","127","11","86.82","F","Non_Married","No","usa","chicago","2","2","625","1177.05","Solo","Regular Traveler"
"443453","37","196","10","146.80","F","Non_Married","No","usa","seattle","5","10","410.3","2195.11","Frequent Traveler","No Cancellation Fee"
"443598","44","112","10","82.80","F","Non_Married","No","usa","honolulu","3","4","3148.65","7306.04","Regular Travelers","Free hotel Meal"
"443598","44","112","10","82.80","F","Non_Married","No","usa","honolulu","3","4","3148.65","7306.04","Regular Travelers","Regular Traveler"
"443598","44","112","10","82.80","F","Non_Married","No","usa","honolulu","3","4","3148.65","7306.04","Solo","Free hotel Meal"
"443598","44","112","10","82.80","F","Non_Married","No","usa","honolulu","3","4","3148.65","7306.04","Solo","Regular Traveler"
"443652","31","175","10","129.90","F","Non_Married","No","usa","seattle","6","10","3721.8","2110.04","Frequent Traveler","No Cancellation Fee"
"444387","46","148","10","109.80","F","Married","No","usa","cincinnati","5","8","1783.4","1496.97","Frequent Traveler","No Cancellation Fee"
"444885","33","169","10","125.00","F","Married","No","usa","amarillo","2","3","965","2607.51","Couple Travelers","One Night Free Hotel with Flight"
"445351","54","152","11","103.18","F","Married","Yes","usa","des moines","6","10","4213.8","1372.70","Frequent Traveler","No Cancellation Fee"
"445515","41","136","10","100.80","F","Non_Married","No","canada","toronto","3","6","684","3369.90","Regular Travelers","Free hotel Meal"
"445515","41","136","10","100.80","F","Non_Married","No","canada","toronto","3","6","684","3369.90","Regular Travelers","Regular Traveler"
"445515","41","136","10","100.80","F","Non_Married","No","canada","toronto","3","6","684","3369.90","Solo","Free hotel Meal"
"445515","41","136","10","100.80","F","Non_Married","No","canada","toronto","3","6","684","3369.90","Solo","Regular Traveler"
"446124","46","180","10","134.80","F","Non_Married","No","usa","new york","6","12","1532.4","1780.29","Frequent Traveler","No Cancellation Fee"
"446138","40","446","11","820.09","F","Married","No","usa","houston","4","6","5925.00","893.97","Couple Travelers","One Night Free Hotel with Flight"
"446473","49","175","10","130.10","F","Married","No","usa","san diego","5","10","795.20","2485.55","Frequent Traveler","No Cancellation Fee"
"446933","48","174","9","144.11","M","Non_Married","No","canada","toronto","5","8","1699","1347.02","Frequent Traveler","No Cancellation Fee"
"447053","38","160","10","119.80","F","Non_Married","Yes","usa","riverside","3","4","1127","2573.66","Family Travelers","Exlcusive Discount"
"447591","23","157","9","129.44","M","Non_Married","No","canada","winnipeg","2","2","877","1377.77","Regular Travelers","Free hotel Meal"
"447591","23","157","9","129.44","M","Non_Married","No","canada","winnipeg","2","2","877","1377.77","Regular Travelers","Regular Traveler"
"447591","23","157","9","129.44","M","Non_Married","No","canada","winnipeg","2","2","877","1377.77","Solo","Free hotel Meal"
"447591","23","157","9","129.44","M","Non_Married","No","canada","winnipeg","2","2","877","1377.77","Solo","Regular Traveler"
"447737","43","148","10","110.90","F","Non_Married","No","canada","calgary","4","8","765.0","2453.78","Frequent Traveler","No Cancellation Fee"
"447951","43","218","10","162.50","F","Non_Married","No","usa","columbus","4","8","676","1254.80","Frequent Traveler","No Cancellation Fee"
"448025","30","132","11","89.18","F","Non_Married","No","canada","montreal","2","4","1720","2245.57","Regular Travelers","Free hotel Meal"
"448025","30","132","11","89.18","F","Non_Married","No","canada","montreal","2","4","1720","2245.57","Regular Travelers","Regular Traveler"
"448025","30","132","11","89.18","F","Non_Married","No","canada","montreal","2","4","1720","2245.57","Solo","Free hotel Meal"
"448025","30","132","11","89.18","F","Non_Married","No","canada","montreal","2","4","1720","2245.57","Solo","Regular Traveler"
"448154","56","173","10","128.20","F","Non_Married","No","usa","los angeles","4","8","2014","3509.03","Frequent Traveler","No Cancellation Fee"
"448295","52","166","10","123.60","M","Married","No","usa","lubbock","4","6","2935","1839.59","Couple Travelers","One Night Free Hotel with Flight"
"448564","50","200","9","164.78","F","Non_Married","No","usa","colorado springs","6","9","2826.00","2236.79","Frequent Traveler","No Cancellation Fee"
"449033","42","306","11","205.27","F","Non_Married","No","usa","san diego","5","10","1415","1786.43","Frequent Traveler","No Cancellation Fee"
"449326","39","242","10","180.30","F","Non_Married","No","canada","halifax","3","6","1570","3931.66","Regular Travelers","Free hotel Meal"
"449326","39","242","10","180.30","F","Non_Married","No","canada","halifax","3","6","1570","3931.66","Regular Travelers","Regular Traveler"
"449326","39","242","10","180.30","F","Non_Married","No","canada","halifax","3","6","1570","3931.66","Solo","Free hotel Meal"
"449326","39","242","10","180.30","F","Non_Married","No","canada","halifax","3","6","1570","3931.66","Solo","Regular Traveler"
"449619","36","156","10","115.90","F","Non_Married","No","usa","cleveland","3","6","2004.00","1852.42","Regular Travelers","Free hotel Meal"
"449619","36","156","10","115.90","F","Non_Married","No","usa","cleveland","3","6","2004.00","1852.42","Regular Travelers","Regular Traveler"
"449619","36","156","10","115.90","F","Non_Married","No","usa","cleveland","3","6","2004.00","1852.42","Solo","Free hotel Meal"
"449619","36","156","10","115.90","F","Non_Married","No","usa","cleveland","3","6","2004.00","1852.42","Solo","Regular Traveler"
"449804","42","143","10","106.60","F","Married","No","usa","tacoma","3","6","1067","2515.17","Couple Travelers","One Night Free Hotel with Flight"
"449980","19","140","9","175.11","F","Non_Married","No","canada","winnipeg","2","2","7837","1218.53","Regular Travelers","Free hotel Meal"
"449980","19","140","9","175.11","F","Non_Married","No","canada","winnipeg","2","2","7837","1218.53","Regular Travelers","Regular Traveler"
"449980","19","140","9","175.11","F","Non_Married","No","canada","winnipeg","2","2","7837","1218.53","Solo","Free hotel Meal"
"449980","19","140","9","175.11","F","Non_Married","No","canada","winnipeg","2","2","7837","1218.53","Solo","Regular Traveler"
"450164","38","308","11","208.73","F","Married","No","usa","phoenix","5","10","2576","1568.95","Frequent Traveler","No Cancellation Fee"
"450193","35","184","9","152.33","F","Non_Married","No","canada","montreal","3","4","7754.70","2887.70","Regular Travelers","Free hotel Meal"
"450193","35","184","9","152.33","F","Non_Married","No","canada","montreal","3","4","7754.70","2887.70","Regular Travelers","Regular Traveler"
"450193","35","184","9","152.33","F","Non_Married","No","canada","montreal","3","4","7754.70","2887.70","Solo","Free hotel Meal"
"450193","35","184","9","152.33","F","Non_Married","No","canada","montreal","3","4","7754.70","2887.70","Solo","Regular Traveler"
"450305","40","196","10","145.50","F","Non_Married","No","usa","fayetteville","5","8","2823.0","1345.82","Frequent Traveler","No Cancellation Fee"
"450615","45","243","11","163.82","F","Non_Married","No","usa","kansas city","5","8","1350","1304.55","Frequent Traveler","No Cancellation Fee"
"451291","55","185","11","124.27","F","Married","No","usa","st. louis","5","10","914","3343.92","Frequent Traveler","No Cancellation Fee"
"452034","50","372","10","949.60","F","Non_Married","No","usa","cleveland","4","6","2984","3836.22","Regular Travelers","Free hotel Meal"
"452034","50","372","10","949.60","F","Non_Married","No","usa","cleveland","4","6","2984","3836.22","Regular Travelers","Regular Traveler"
"452034","50","372","10","949.60","F","Non_Married","No","usa","cleveland","4","6","2984","3836.22","Solo","Free hotel Meal"
"452034","50","372","10","949.60","F","Non_Married","No","usa","cleveland","4","6","2984","3836.22","Solo","Regular Traveler"
"452532","33","374","11","800.82","F","Non_Married","No","usa","el paso","3","6","712","2522.61","Regular Travelers","Free hotel Meal"
"452532","33","374","11","800.82","F","Non_Married","No","usa","el paso","3","6","712","2522.61","Regular Travelers","Regular Traveler"
"452532","33","374","11","800.82","F","Non_Married","No","usa","el paso","3","6","712","2522.61","Solo","Free hotel Meal"
"452532","33","374","11","800.82","F","Non_Married","No","usa","el paso","3","6","712","2522.61","Solo","Regular Traveler"
"452594","45","232","10","171.20","F","Non_Married","Yes","usa","las vegas","4","6","4048","1997.70","Family Travelers","Exlcusive Discount"
"452612","43","305","10","696.39","F","Married","Yes","usa","rochester","3","4","1995.1","2671.53","Family Travelers","Exlcusive Discount"
"453143","46","160","9","132.33","F","Non_Married","No","usa","houston","6","9","2192.1","2684.75","Frequent Traveler","No Cancellation Fee"
"453168","47","155","11","106.09","F","Married","No","usa","new york","6","11","937","2459.35","Frequent Traveler","No Cancellation Fee"
"454264","50","173","9","142.78","F","Non_Married","Yes","usa","new york","2","2","2148","4114.10","Family Travelers","Exlcusive Discount"
"454430","39","174","10","129.90","F","Married","No","canada","vancouver","5","8","2819.5","2918.29","Frequent Traveler","No Cancellation Fee"
"454616","45","139","10","104.10","F","Married","No","usa","los angeles","2","4","933","3220.05","Couple Travelers","One Night Free Hotel with Flight"
"454661","46","166","10","124.00","F","Non_Married","No","usa","louisville","5","10","873","1649.73","Frequent Traveler","No Cancellation Fee"
"454920","39","182","10","134.80","F","Married","No","usa","new york","7","13","3570","3429.75","Frequent Traveler","No Cancellation Fee"
"454934","43","243","10","531.64","F","Married","No","usa","tacoma","4","8","955","2058.95","Frequent Traveler","No Cancellation Fee"
"454955","51","100","9","83.22","F","Married","No","usa","san diego","2","4","1182","3461.03","Group Travelers","One Night Free Hotel with Flight"
"456226","49","177","10","132.10","F","Non_Married","No","usa","houston","7","14","3788","4319.36","Frequent Traveler","No Cancellation Fee"
"456318","31","157","10","117.60","F","Non_Married","No","usa","los angeles","3","6","548","1824.95","Business Traveler","Free Checking Bag"
"456663","38","129","11","87.45","F","Married","Yes","usa","new york","4","8","1187","1748.55","Frequent Traveler","No Cancellation Fee"
"456671","38","145","10","107.30","F","Non_Married","No","usa","san antonio","2","4","160","2265.62","Business Traveler","Free Checking Bag"
"457468","41","185","10","138.10","F","Married","No","usa","phoenix","5","6","7679","382.81","Group Travelers","One Night Free Hotel with Flight"
"457599","40","173","10","129.30","F","Married","No","usa","columbus","6","9","2444.30","1263.65","Frequent Traveler","No Cancellation Fee"
"458479","46","729","11","1584.45","F","Non_Married","No","usa","chicago","5","7","2612","1516.22","Regular Travelers","Free hotel Meal"
"458479","46","729","11","1584.45","F","Non_Married","No","usa","chicago","5","7","2612","1516.22","Regular Travelers","Regular Traveler"
"458479","46","729","11","1584.45","F","Non_Married","No","usa","chicago","5","7","2612","1516.22","Solo","Free hotel Meal"
"458479","46","729","11","1584.45","F","Non_Married","No","usa","chicago","5","7","2612","1516.22","Solo","Regular Traveler"
"458688","44","271","11","183.09","F","Non_Married","No","usa","cleveland","4","8","2554","1761.12","Frequent Traveler","No Cancellation Fee"
"458762","40","187","11","128.18","F","Married","Yes","canada","montreal","6","10","1200.40","1588.49","Frequent Traveler","No Cancellation Fee"
"458814","33","124","9","102.00","F","Non_Married","No","usa","oklahoma city","5","7","4386","1036.32","Group Travelers","One Night Free Hotel with Flight"
"458855","31","177","11","120.27","F","Married","Yes","usa","tucson","3","6","1138.8","2465.17","Group Travelers","One Night Free Hotel with Flight"
"458919","37","171","10","126.80","F","Non_Married","No","usa","fresno","3","6","276","3823.96","Business Traveler","Free Checking Bag"
"459229","42","129","10","95.70","F","Married","No","usa","new york","5","8","8257.1","1546.51","Frequent Traveler","No Cancellation Fee"
"459486","29","149","11","99.82","F","Non_Married","No","usa","st. petersburg","3","6","2183","2300.29","Regular Travelers","Free hotel Meal"
"459486","29","149","11","99.82","F","Non_Married","No","usa","st. petersburg","3","6","2183","2300.29","Regular Travelers","Regular Traveler"
"459486","29","149","11","99.82","F","Non_Married","No","usa","st. petersburg","3","6","2183","2300.29","Solo","Free hotel Meal"
"459486","29","149","11","99.82","F","Non_Married","No","usa","st. petersburg","3","6","2183","2300.29","Solo","Regular Traveler"
"459645","31","120","10","90.10","F","Non_Married","No","usa","wichita","2","4","1648","1506.93","Group Travelers","One Night Free Hotel with Flight"
"460072","50","153","9","125.22","M","Non_Married","No","usa","kansas city","3","4","1065.70","1728.77","Regular Travelers","Free hotel Meal"
"460072","50","153","9","125.22","M","Non_Married","No","usa","kansas city","3","4","1065.70","1728.77","Regular Travelers","Regular Traveler"
"460072","50","153","9","125.22","M","Non_Married","No","usa","kansas city","3","4","1065.70","1728.77","Solo","Free hotel Meal"
"460072","50","153","9","125.22","M","Non_Married","No","usa","kansas city","3","4","1065.70","1728.77","Solo","Regular Traveler"
"460181","66","128","10","95.00","F","Married","No","usa","st. louis","3","2","2507","1317.08","Couple Travelers","One Night Free Hotel with Flight"
"460553","55","273","9","225.67","F","Married","Yes","usa","laredo","4","2","6533","2920.82","Family Travelers","Exlcusive Discount"
"460625","47","305","11","445.87","F","Married","Yes","usa","baltimore","6","8","4779.60","1809.86","Frequent Traveler","No Cancellation Fee"
"461559","33","197","9","164.78","F","Non_Married","No","canada","victoria","5","10","1009.8","1993.75","Frequent Traveler","No Cancellation Fee"
"461744","31","250","11","356.64","F","Non_Married","No","usa","new york","3","2","9047","1052.59","Regular Travelers","Free hotel Meal"
"461744","31","250","11","356.64","F","Non_Married","No","usa","new york","3","2","9047","1052.59","Regular Travelers","Regular Traveler"
"461744","31","250","11","356.64","F","Non_Married","No","usa","new york","3","2","9047","1052.59","Solo","Free hotel Meal"
"461744","31","250","11","356.64","F","Non_Married","No","usa","new york","3","2","9047","1052.59","Solo","Regular Traveler"
"461791","51","129","10","95.50","F","Married","Yes","usa","boston","4","8","3287","1595.39","Frequent Traveler","No Cancellation Fee"
"462127","41","250","11","168.45","F","Married","No","usa","houston","4","6","1946","1832.93","Couple Travelers","One Night Free Hotel with Flight"
"462456","41","170","10","125.60","F","Non_Married","Yes","canada","toronto","6","11","898","1620.68","Frequent Traveler","No Cancellation Fee"
"462894","52","207","11","139.55","F","Non_Married","No","usa","columbus","3","6","358","2694.44","Regular Travelers","Free hotel Meal"
"462894","52","207","11","139.55","F","Non_Married","No","usa","columbus","3","6","358","2694.44","Regular Travelers","Regular Traveler"
"462894","52","207","11","139.55","F","Non_Married","No","usa","columbus","3","6","358","2694.44","Solo","Free hotel Meal"
"462894","52","207","11","139.55","F","Non_Married","No","usa","columbus","3","6","358","2694.44","Solo","Regular Traveler"
"463652","38","115","10","84.20","F","Married","No","canada","montreal","2","1","436.00","2194.94","Couple Travelers","One Night Free Hotel with Flight"
"463698","38","171","9","141.44","F","Non_Married","No","usa","atlanta","4","8","960.55","1055.16","Frequent Traveler","No Cancellation Fee"
"463783","51","169","10","126.30","F","Non_Married","No","usa","st. louis","5","8","5632","1661.58","Frequent Traveler","No Cancellation Fee"
"463867","32","139","9","116.78","F","Non_Married","No","usa","detroit","3","4","503","1489.54","Business Traveler","Free Checking Bag"
"463910","44","322","10","601.72","F","Non_Married","No","usa","phoenix","6","12","2917.00","2323.47","Frequent Traveler","No Cancellation Fee"
"464080","71","185","10","137.30","F","Married","No","canada","quebec","2","4","1066","707.22","Couple Travelers","One Night Free Hotel with Flight"
"464160","49","89","10","66.60","F","Married","Yes","usa","los angeles","3","4","2608","4183.68","Family Travelers","Exlcusive Discount"
"464239","50","209","10","155.30","F","Non_Married","No","usa","columbus","5","10","1364","2031.02","Frequent Traveler","No Cancellation Fee"
"464542","25","192","9","159.22","F","Non_Married","Yes","canada","toronto","2","4","391.0","1934.03","Family Travelers","Exlcusive Discount"
"464614","38","435","10","942.50","F","Non_Married","No","canada","calgary","5","6","3084","2334.10","Regular Travelers","Free hotel Meal"
"464614","38","435","10","942.50","F","Non_Married","No","canada","calgary","5","6","3084","2334.10","Regular Travelers","Regular Traveler"
"464614","38","435","10","942.50","F","Non_Married","No","canada","calgary","5","6","3084","2334.10","Solo","Free hotel Meal"
"464614","38","435","10","942.50","F","Non_Married","No","canada","calgary","5","6","3084","2334.10","Solo","Regular Traveler"
"464673","50","146","10","108.20","M","Married","Yes","usa","louisville","5","6","4977","1660.80","Group Travelers","One Night Free Hotel with Flight"
"464782","48","144","10","107.70","F","Married","Yes","usa","boston","4","6","668.50","1870.40","Family Travelers","Exlcusive Discount"
"464855","29","310","11","779.64","F","Non_Married","Yes","canada","victoria","2","4","4080","10330.44","Group Travelers","One Night Free Hotel with Flight"
"465138","38","180","9","147.56","F","Non_Married","No","usa","birmingham","5","10","2098","1167.49","Frequent Traveler","No Cancellation Fee"
"465343","53","141","9","117.44","F","Married","Yes","usa","los angeles","3","6","4997","3263.57","Group Travelers","One Night Free Hotel with Flight"
"465531","34","125","9","104.00","F","Married","No","usa","newark","3","4","2727","1079.39","Couple Travelers","One Night Free Hotel with Flight"
"465568","50","138","10","102.30","F","Married","Yes","usa","el paso","2","2","1705.6","3230.65","Family Travelers","Exlcusive Discount"
"465731","57","443","10","900.40","F","Non_Married","No","usa","phoenix","4","8","2365","3363.23","Frequent Traveler","No Cancellation Fee"
"466205","40","125","9","105.44","F","Married","Yes","usa","new york","5","6","2922","2732.04","Family Travelers","Exlcusive Discount"
"466723","40","297","10","313.37","F","Married","No","usa","louisville","4","8","1171","1607.45","Frequent Traveler","No Cancellation Fee"
"467007","50","157","9","128.78","M","Married","Yes","usa","riverside","5","8","5682","6506.64","Frequent Traveler","No Cancellation Fee"
"467092","18","302","9","885.44","F","Non_Married","Yes","usa","los angeles","2","4","1620","2285.46","Family Travelers","Exlcusive Discount"
"467339","43","119","10","88.80","F","Non_Married","Yes","usa","san diego","4","7","1471","950.78","Group Travelers","One Night Free Hotel with Flight"
"467809","47","198","10","147.80","F","Non_Married","Yes","usa","reno","3","6","549.8","2611.68","Family Travelers","Exlcusive Discount"
"467892","32","233","9","250.67","F","Non_Married","No","usa","new york","5","8","4064.4","2230.23","Frequent Traveler","No Cancellation Fee"
"468106","46","180","9","149.44","F","Non_Married","No","usa","new york","5","8","2146.40","1874.33","Frequent Traveler","No Cancellation Fee"
"468370","34","177","9","145.89","F","Non_Married","No","usa","philadelphia","4","4","1249","493.60","Regular Travelers","Free hotel Meal"
"468370","34","177","9","145.89","F","Non_Married","No","usa","philadelphia","4","4","1249","493.60","Regular Travelers","Regular Traveler"
"468370","34","177","9","145.89","F","Non_Married","No","usa","philadelphia","4","4","1249","493.60","Solo","Free hotel Meal"
"468370","34","177","9","145.89","F","Non_Married","No","usa","philadelphia","4","4","1249","493.60","Solo","Regular Traveler"
"468409","50","446","11","821.82","F","Married","No","usa","jacksonville","6","12","2886","2064.05","Frequent Traveler","No Cancellation Fee"
"468666","43","222","12","137.75","F","Non_Married","Yes","usa","richmond","4","8","592.35","2008.46","Frequent Traveler","No Cancellation Fee"
"468801","44","127","9","104.67","F","Married","Yes","usa","dallas","4","8","1066.5","2030.29","Frequent Traveler","No Cancellation Fee"
"468808","46","165","9","137.89","F","Non_Married","Yes","canada","windsor","5","10","2158","2428.48","Frequent Traveler","No Cancellation Fee"
"468832","38","279","10","654.94","F","Married","No","canada","montreal","7","12","3234","1969.15","Frequent Traveler","No Cancellation Fee"
"469237","18","124","9","102.78","F","Non_Married","Yes","usa","new york","2","2","2635","153.02","Family Travelers","Exlcusive Discount"
"469418","26","106","11","71.82","F","Married","Yes","usa","san francisco","1","2","726","4158.90","Family Travelers","Exlcusive Discount"
"469440","45","294","9","698.27","F","Married","Yes","usa","los angeles","5","8","2407","2325.86","Frequent Traveler","No Cancellation Fee"
"469464","47","110","9","90.22","F","Married","No","usa","mobile","5","6","3569.35","1660.82","Group Travelers","One Night Free Hotel with Flight"
"469699","55","199","10","148.60","F","Married","Yes","usa","new york","3","3","1092.60","2500.21","Family Travelers","Exlcusive Discount"
"469767","49","288","11","193.82","F","Married","No","usa","new york","5","9","1475","2276.51","Frequent Traveler","No Cancellation Fee"
"469824","52","167","10","123.70","F","Non_Married","No","usa","los angeles","3","4","2130.0","553.16","Regular Travelers","Free hotel Meal"
"469824","52","167","10","123.70","F","Non_Married","No","usa","los angeles","3","4","2130.0","553.16","Regular Travelers","Regular Traveler"
"469824","52","167","10","123.70","F","Non_Married","No","usa","los angeles","3","4","2130.0","553.16","Solo","Free hotel Meal"
"469824","52","167","10","123.70","F","Non_Married","No","usa","los angeles","3","4","2130.0","553.16","Solo","Regular Traveler"
"471077","57","188","9","157.78","F","Married","No","usa","louisville","7","14","2330","1676.78","Frequent Traveler","No Cancellation Fee"
"471161","41","162","9","132.67","F","Non_Married","No","usa","houston","3","6","1875.20","2104.64","Group Travelers","One Night Free Hotel with Flight"
"471186","50","131","10","97.70","F","Married","No","usa","los angeles","2","4","218.0","3087.93","Couple Travelers","One Night Free Hotel with Flight"
"471500","27","119","9","97.56","F","Non_Married","Yes","usa","houston","4","4","3876.8","1029.49","Family Travelers","Exlcusive Discount"
"471565","31","90","10","66.90","F","Non_Married","Yes","usa","nashville","2","2","1625","1108.54","Family Travelers","Exlcusive Discount"
"471649","48","113","9","92.56","F","Married","Yes","usa","fort worth","2","2","96","2369.03","Family Travelers","Exlcusive Discount"
"471687","41","229","10","171.10","F","Married","No","usa","los angeles","5","9","2798.3","2789.12","Frequent Traveler","No Cancellation Fee"
"471717","46","140","10","103.20","F","Married","Yes","usa","phoenix","4","7","2310","2067.11","Family Travelers","Exlcusive Discount"
"471935","48","239","10","176.70","F","Married","No","usa","laredo","4","6","1346","1881.59","Group Travelers","One Night Free Hotel with Flight"
"472394","43","147","10","110.00","F","Non_Married","No","usa","tucson","3","4","4882","1854.37","Group Travelers","One Night Free Hotel with Flight"
"472446","18","191","9","159.11","F","Non_Married","No","canada","toronto","3","6","420","1552.85","Business Traveler","Free Checking Bag"
"472614","40","173","9","144.56","F","Non_Married","No","canada","toronto","3","6","836","1486.51","Business Traveler","Free Checking Bag"
"472713","41","181","10","132.60","F","Married","Yes","usa","nashville","5","8","2815.00","1248.49","Frequent Traveler","No Cancellation Fee"
"472785","46","121","9","100.00","M","Non_Married","No","canada","toronto","4","8","2434","2248.71","Frequent Traveler","No Cancellation Fee"
"472966","37","126","10","93.80","F","Married","No","usa","oakland","3","5","2304","2079.37","Couple Travelers","One Night Free Hotel with Flight"
"473332","50","156","10","116.50","F","Married","No","usa","los angeles","4","6","3088.40","3750.36","Couple Travelers","One Night Free Hotel with Flight"
"473343","49","171","9","140.44","F","Married","No","usa","kansas city","4","6","1933","1317.19","Group Travelers","One Night Free Hotel with Flight"
"473402","43","253","10","710.14","F","Married","No","usa","los angeles","4","8","2374","2637.57","Frequent Traveler","No Cancellation Fee"
"473467","44","260","10","193.20","F","Married","No","usa","austin","5","8","1319.3","2244.77","Frequent Traveler","No Cancellation Fee"
"473568","50","127","9","105.67","F","Married","Yes","usa","new york","2","4","805","2950.40","Family Travelers","Exlcusive Discount"
"473712","46","210","9","173.44","F","Non_Married","No","usa","chicago","7","10","5254","1705.90","Frequent Traveler","No Cancellation Fee"
"473847","32","102","9","84.89","F","Non_Married","Yes","usa","chicago","2","4","1508.00","1680.73","Group Travelers","One Night Free Hotel with Flight"
"474007","18","93","10","69.60","F","Non_Married","No","usa","chicago","2","4","816","1565.75","Group Travelers","One Night Free Hotel with Flight"
"474120","44","492","10","935.30","M","Non_Married","Yes","canada","quebec","5","10","4790","2517.86","Frequent Traveler","No Cancellation Fee"
"474261","34","181","9","150.11","F","Non_Married","No","canada","toronto","4","4","3221","818.05","Regular Travelers","Free hotel Meal"
"474261","34","181","9","150.11","F","Non_Married","No","canada","toronto","4","4","3221","818.05","Regular Travelers","Regular Traveler"
"474261","34","181","9","150.11","F","Non_Married","No","canada","toronto","4","4","3221","818.05","Solo","Free hotel Meal"
"474261","34","181","9","150.11","F","Non_Married","No","canada","toronto","4","4","3221","818.05","Solo","Regular Traveler"
"474384","42","194","9","161.11","F","Married","No","usa","indianapolis","5","10","3294","1640.91","Frequent Traveler","No Cancellation Fee"
"474464","57","139","9","114.78","F","Married","No","usa","new york","4","8","1312","2967.49","Frequent Traveler","No Cancellation Fee"
"474546","53","150","10","110.20","F","Married","No","usa","memphis","5","10","2084.00","1769.84","Frequent Traveler","No Cancellation Fee"
"474951","38","178","11","119.55","F","Non_Married","No","usa","jacksonville","6","10","1564.00","1802.43","Frequent Traveler","No Cancellation Fee"
"474980","41","156","10","114.40","F","Married","No","usa","columbus","4","6","2958","1043.63","Group Travelers","One Night Free Hotel with Flight"
"475060","32","79","10","59.00","F","Non_Married","No","usa","new york","2","3","668","1327.42","Regular Travelers","Free hotel Meal"
"475060","32","79","10","59.00","F","Non_Married","No","usa","new york","2","3","668","1327.42","Regular Travelers","Regular Traveler"
"475060","32","79","10","59.00","F","Non_Married","No","usa","new york","2","3","668","1327.42","Solo","Free hotel Meal"
"475060","32","79","10","59.00","F","Non_Married","No","usa","new york","2","3","668","1327.42","Solo","Regular Traveler"
"475130","47","198","9","163.44","F","Married","Yes","usa","milwaukee","7","14","2804.60","1168.76","Frequent Traveler","No Cancellation Fee"
"475467","36","127","9","105.67","F","Non_Married","No","usa","san antonio","3","6","1920.30","1859.92","Regular Travelers","Free hotel Meal"
"475467","36","127","9","105.67","F","Non_Married","No","usa","san antonio","3","6","1920.30","1859.92","Regular Travelers","Regular Traveler"
"475467","36","127","9","105.67","F","Non_Married","No","usa","san antonio","3","6","1920.30","1859.92","Solo","Free hotel Meal"
"475467","36","127","9","105.67","F","Non_Married","No","usa","san antonio","3","6","1920.30","1859.92","Solo","Regular Traveler"
"475531","38","166","11","112.73","F","Non_Married","No","usa","detroit","5","10","649","2032.49","Frequent Traveler","No Cancellation Fee"
"476081","57","161","9","134.33","F","Married","Yes","usa","el paso","5","6","1288","1383.15","Family Travelers","Exlcusive Discount"
"476104","51","204","10","151.70","F","Non_Married","Yes","usa","san jose","7","12","6318","2509.51","Frequent Traveler","No Cancellation Fee"
"476124","35","129","9","107.00","F","Non_Married","No","canada","edmonton","4","8","1674","2383.15","Frequent Traveler","No Cancellation Fee"
